# iter,cost,accuracy_train,auc_train,accuracy_val,auc_val,f1_train,f1_val,auc_pr_train,auc_pr_val
0,0.72725719201,0.41333333333,0.19487908962,0.48000000000,0.19551282051,0.04347826087,0.13333333333,0.35063653428,0.33153325179
1,0.72133962237,0.41333333333,0.13620199147,0.28000000000,0.13461538462,0.00000000000,0.00000000000,0.33233969528,0.31046641014
2,0.72410512011,0.37333333333,0.13264580370,0.44000000000,0.08974358974,0.00000000000,0.00000000000,0.33112454849,0.30207022829
3,0.72202443029,0.48000000000,0.16642958748,0.40000000000,0.19551282051,0.09302325581,0.00000000000,0.36823139068,0.33206839490
4,0.71847568210,0.42666666667,0.16109530583,0.28000000000,0.00000000000,0.00000000000,0.00000000000,0.33795046444,0.29119020883
5,0.72386267541,0.42666666667,0.17034139403,0.40000000000,0.09294871795,0.04444444444,0.00000000000,0.34015159629,0.30147946342
6,0.71604357630,0.42666666667,0.15220483642,0.40000000000,0.04166666667,0.00000000000,0.00000000000,0.33593982979,0.29444494021
7,0.71524248955,0.37333333333,0.11273115220,0.40000000000,0.02564102564,0.00000000000,0.00000000000,0.32715748233,0.29270882910
8,0.71595041538,0.34666666667,0.09672830725,0.48000000000,0.15705128205,0.03921568627,0.00000000000,0.32379630676,0.31576075674
9,0.71801527768,0.42666666667,0.15504978663,0.44000000000,0.09935897436,0.00000000000,0.00000000000,0.33607944433,0.30332993073
10,0.71903203089,0.41333333333,0.12411095306,0.44000000000,0.11538461538,0.00000000000,0.00000000000,0.32917595142,0.30633978655
11,0.71765519116,0.42666666667,0.21941678521,0.44000000000,0.17628205128,0.04444444444,0.00000000000,0.35478080076,0.31987671267
12,0.71278347721,0.41333333333,0.19701280228,0.44000000000,0.15064102564,0.00000000000,0.00000000000,0.34674233072,0.31396955188
13,0.72277605259,0.42666666667,0.18741109531,0.48000000000,0.22435897436,0.04444444444,0.00000000000,0.34469191696,0.33126614327
14,0.72115696148,0.44000000000,0.24857752489,0.44000000000,0.22756410256,0.00000000000,0.12500000000,0.36333057045,0.33530760244
15,0.71215091390,0.40000000000,0.19985775249,0.36000000000,0.06730769231,0.04255319149,0.00000000000,0.34785235772,0.29787982232
16,0.71682450954,0.45333333333,0.25142247511,0.36000000000,0.20192307692,0.04651162791,0.00000000000,0.37570814862,0.32829723369
17,0.71095502752,0.41333333333,0.28769559033,0.44000000000,0.21153846154,0.08333333333,0.00000000000,0.37730387987,0.32881116308
18,0.71741126447,0.41333333333,0.26991465149,0.56000000000,0.19551282051,0.04347826087,0.15384615385,0.37065124015,0.39292287290
19,0.70360648256,0.45333333333,0.25035561878,0.52000000000,0.41346153846,0.16326530612,0.14285714286,0.39754932670,0.46067232689
20,0.71301824564,0.44000000000,0.30903271693,0.48000000000,0.46474358974,0.04545454545,0.13333333333,0.39227957647,0.45424401288
21,0.70576366902,0.42666666667,0.26706970128,0.40000000000,0.27243589744,0.08510638298,0.21052631579,0.37135385334,0.34726458502
22,0.70563112132,0.46666666667,0.31081081081,0.48000000000,0.27564102564,0.13043478261,0.13333333333,0.39940727821,0.36386109203
23,0.70327274766,0.41333333333,0.29516358464,0.36000000000,0.37500000000,0.15384615385,0.00000000000,0.37865341987,0.38164023877
24,0.70812932918,0.46666666667,0.33854907539,0.44000000000,0.21794871795,0.20000000000,0.12500000000,0.40452282128,0.33261960757
25,0.69927632524,0.40000000000,0.27524893314,0.40000000000,0.38141025641,0.11764705882,0.00000000000,0.40198246066,0.38846028042
26,0.69905214536,0.45333333333,0.41322901849,0.48000000000,0.32051282051,0.22641509434,0.00000000000,0.43423122713,0.37158424588
27,0.70390631822,0.40000000000,0.37446657183,0.40000000000,0.33012820513,0.00000000000,0.11764705882,0.41304934360,0.40995337694
28,0.70511226016,0.45333333333,0.28733997155,0.36000000000,0.29807692308,0.12765957447,0.00000000000,0.39004510852,0.36205141667
29,0.70311604208,0.48000000000,0.51244665718,0.52000000000,0.63141025641,0.23529411765,0.14285714286,0.48426558225,0.61532933867
30,0.69587881310,0.49333333333,0.43634423898,0.52000000000,0.29807692308,0.17391304348,0.33333333333,0.46934985536,0.43695732751
31,0.70532079509,0.49333333333,0.41109530583,0.48000000000,0.35576923077,0.26923076923,0.23529411765,0.49205897211,0.38753773707
32,0.69945339374,0.44000000000,0.43669985775,0.56000000000,0.40705128205,0.19230769231,0.35294117647,0.50919455219,0.40972743794
33,0.69921735176,0.50666666667,0.38620199147,0.44000000000,0.42948717949,0.24489795918,0.22222222222,0.46174709709,0.47621578294
34,0.70218495520,0.45333333333,0.39011379801,0.52000000000,0.48076923077,0.22641509434,0.33333333333,0.45201937802,0.58747791563
35,0.70397826450,0.52000000000,0.35953058321,0.44000000000,0.34935897436,0.25000000000,0.00000000000,0.51004735719,0.37118093292
36,0.69787626055,0.44000000000,0.37482219061,0.52000000000,0.46153846154,0.16000000000,0.14285714286,0.45091385761,0.52922158418
37,0.69607892476,0.46666666667,0.41963015647,0.48000000000,0.49679487179,0.25925925926,0.13333333333,0.44332805807,0.49697619814
38,0.69503696561,0.58666666667,0.58926031294,0.48000000000,0.37179487179,0.36734693878,0.23529411765,0.62941781896,0.43960650253
39,0.69467697035,0.56000000000,0.51529160740,0.56000000000,0.59615384615,0.35294117647,0.42105263158,0.58416053778,0.53443895408
40,0.69658822744,0.46666666667,0.37873399716,0.60000000000,0.49358974359,0.28571428571,0.37500000000,0.46918452517,0.59310597633
41,0.69886138617,0.50666666667,0.45056899004,0.52000000000,0.48717948718,0.27450980392,0.40000000000,0.52474235487,0.52123113882
42,0.69735762961,0.49333333333,0.56258890469,0.48000000000,0.47756410256,0.32142857143,0.23529411765,0.54294973950,0.43556055210
43,0.69241697395,0.58666666667,0.56650071124,0.68000000000,0.59615384615,0.47457627119,0.55555555556,0.59790621466,0.62142679603
44,0.68657598035,0.53333333333,0.53129445235,0.56000000000,0.58333333333,0.42622950820,0.42105263158,0.49758452686,0.61556133713
45,0.68489176411,0.46666666667,0.46799431010,0.48000000000,0.45512820513,0.25925925926,0.43478260870,0.48033825443,0.48487717638
46,0.69062139027,0.46666666667,0.43918918919,0.64000000000,0.61538461538,0.25925925926,0.40000000000,0.49465049621,0.69947272420
47,0.68959575302,0.48000000000,0.44630156472,0.72000000000,0.75000000000,0.36065573770,0.66666666667,0.56268100150,0.76929430848
48,0.69096839461,0.48000000000,0.46052631579,0.52000000000,0.42948717949,0.31578947368,0.45454545455,0.54264511217,0.44568391232
49,0.68595602860,0.60000000000,0.60953058321,0.60000000000,0.51923076923,0.48275862069,0.50000000000,0.67398706621,0.66554408750
50,0.68876786037,0.57333333333,0.56045519203,0.68000000000,0.83333333333,0.44827586207,0.50000000000,0.58317736691,0.86753618114
51,0.68617334191,0.58666666667,0.57290184922,0.44000000000,0.51282051282,0.45614035088,0.12500000000,0.59968896430,0.44058455522
52,0.68649129194,0.53333333333,0.60633001422,0.44000000000,0.26923076923,0.44444444444,0.12500000000,0.58049508298,0.42537667384
53,0.68856780625,0.60000000000,0.62802275960,0.48000000000,0.45833333333,0.44444444444,0.31578947368,0.69119798325,0.42270219672
54,0.68342013390,0.64000000000,0.69310099573,0.60000000000,0.47756410256,0.49056603774,0.37500000000,0.70139165570,0.59901965185
55,0.69266337685,0.62666666667,0.67816500711,0.60000000000,0.60897435897,0.50000000000,0.44444444444,0.72367034010,0.65257936997
56,0.67688197823,0.66666666667,0.67603129445,0.60000000000,0.65705128205,0.57627118644,0.50000000000,0.72465010181,0.54641949486
57,0.68435433552,0.66666666667,0.73541963016,0.60000000000,0.57692307692,0.57627118644,0.44444444444,0.76849141204,0.62320894050
58,0.68133238900,0.54666666667,0.59495021337,0.60000000000,0.68269230769,0.39285714286,0.54545454545,0.62430803754,0.70758766356
59,0.68843629856,0.68000000000,0.65860597440,0.48000000000,0.69871794872,0.61290322581,0.23529411765,0.73883043193,0.56390270305
60,0.68024359703,0.57333333333,0.62233285917,0.56000000000,0.59615384615,0.42857142857,0.35294117647,0.68547328915,0.64536351716
61,0.68560950648,0.56000000000,0.60348506401,0.48000000000,0.47115384615,0.37735849057,0.38095238095,0.63508252360,0.57219217282
62,0.67558729969,0.64000000000,0.72226173542,0.64000000000,0.55448717949,0.49056603774,0.52631578947,0.75524315217,0.60338524568
63,0.68477936963,0.65333333333,0.60739687055,0.68000000000,0.56410256410,0.55172413793,0.50000000000,0.64674358909,0.67385843356
64,0.67895840023,0.56000000000,0.61770981508,0.64000000000,0.61217948718,0.37735849057,0.57142857143,0.67033435663,0.72799907333
65,0.67519959897,0.70666666667,0.75213371266,0.60000000000,0.84294871795,0.60714285714,0.44444444444,0.80313314967,0.80337966127
66,0.68453309952,0.58666666667,0.66465149360,0.76000000000,0.83974358974,0.49180327869,0.72727272727,0.68653470364,0.87471060859
67,0.68160920908,0.66666666667,0.68243243243,0.72000000000,0.67948717949,0.57627118644,0.58823529412,0.73583917515,0.76068305571
68,0.67960200635,0.58666666667,0.68705547653,0.84000000000,0.83333333333,0.47457627119,0.80000000000,0.69733662585,0.87726686508
69,0.68093038631,0.58666666667,0.67674253201,0.52000000000,0.51923076923,0.45614035088,0.25000000000,0.73001549750,0.54620830806
70,0.67565849293,0.66666666667,0.73933143670,0.60000000000,0.59935897436,0.56140350877,0.44444444444,0.77811886398,0.65652142509
71,0.67622404489,0.69333333333,0.75782361309,0.56000000000,0.52243589744,0.63492063492,0.35294117647,0.81108145265,0.56398577152
72,0.68305929841,0.61333333333,0.75000000000,0.68000000000,0.74038461538,0.45283018868,0.50000000000,0.72809897241,0.80393379282
73,0.68149246062,0.68000000000,0.73968705548,0.60000000000,0.59294871795,0.61290322581,0.44444444444,0.76350382867,0.62852199979
74,0.67643659355,0.64000000000,0.77347083926,0.76000000000,0.82371794872,0.57142857143,0.72727272727,0.77763274604,0.83537644273
75,0.67874288074,0.60000000000,0.69203413940,0.48000000000,0.59294871795,0.46428571429,0.23529411765,0.72930487486,0.59574994418
76,0.67771218032,0.64000000000,0.73328591750,0.76000000000,0.78525641026,0.55737704918,0.70000000000,0.74440189013,0.80152605156
77,0.67966699192,0.69333333333,0.76280227596,0.60000000000,0.61217948718,0.66666666667,0.44444444444,0.76815438314,0.68257597576
78,0.67468032759,0.64000000000,0.73399715505,0.68000000000,0.75000000000,0.59701492537,0.55555555556,0.75053527886,0.69222637420
79,0.68188195267,0.66666666667,0.71586059744,0.64000000000,0.69551282051,0.59016393443,0.52631578947,0.75764198358,0.70440798332
80,0.67917902415,0.66666666667,0.69416785206,0.56000000000,0.49038461538,0.61538461538,0.42105263158,0.71275979054,0.53520365638
81,0.68380000440,0.68000000000,0.77560455192,0.64000000000,0.72756410256,0.63636363636,0.57142857143,0.81034331384,0.73645532099
82,0.67525862518,0.62666666667,0.70092460882,0.60000000000,0.63141025641,0.54838709677,0.50000000000,0.71878511482,0.66863596533
83,0.67546658910,0.65333333333,0.71514935989,0.64000000000,0.66666666667,0.60606060606,0.52631578947,0.76645173825,0.66178061704
84,0.68125485737,0.66666666667,0.72795163585,0.52000000000,0.59294871795,0.60317460317,0.40000000000,0.74318590299,0.56761341517
85,0.67834643781,0.68000000000,0.76529160740,0.68000000000,0.81089743590,0.57142857143,0.60000000000,0.81721007036,0.72828369243
86,0.67607819932,0.60000000000,0.72119487909,0.68000000000,0.64102564103,0.42307692308,0.63636363636,0.73566852147,0.68225568413
87,0.67888023448,0.68000000000,0.72190611664,0.60000000000,0.56410256410,0.60000000000,0.44444444444,0.78914468487,0.58141925662
88,0.67574203740,0.73333333333,0.79800853485,0.60000000000,0.67948717949,0.69696969697,0.37500000000,0.83314544619,0.63592047877
89,0.66876205957,0.64000000000,0.75355618777,0.56000000000,0.64423076923,0.54237288136,0.42105263158,0.77743104517,0.68837290877
90,0.67110731946,0.72000000000,0.75675675676,0.72000000000,0.85256410256,0.65573770492,0.63157894737,0.78421788911,0.84743329283
91,0.67234918855,0.70666666667,0.82219061166,0.60000000000,0.73717948718,0.62068965517,0.44444444444,0.85360587973,0.69907144477
92,0.67984125621,0.65333333333,0.70945945946,0.60000000000,0.78525641026,0.56666666667,0.44444444444,0.76542798501,0.74294867070
93,0.67599448258,0.66666666667,0.77311522048,0.72000000000,0.78525641026,0.56140350877,0.66666666667,0.80649479839,0.81788561384
94,0.68072097030,0.64000000000,0.85704125178,0.68000000000,0.69230769231,0.49056603774,0.55555555556,0.81391839924,0.74495907536
95,0.67655952133,0.72000000000,0.78662873400,0.56000000000,0.63141025641,0.66666666667,0.35294117647,0.83748336464,0.62500585371
96,0.66929189722,0.74666666667,0.85419630156,0.64000000000,0.74358974359,0.67796610169,0.52631578947,0.88425203579,0.72857183991
97,0.67250853511,0.66666666667,0.81116642959,0.60000000000,0.75641025641,0.56140350877,0.37500000000,0.81787189179,0.74504246109
98,0.67045037714,0.66666666667,0.70981507824,0.68000000000,0.78205128205,0.52830188679,0.55555555556,0.78002011638,0.75649794822
99,0.66974905971,0.68000000000,0.79409672831,0.64000000000,0.58653846154,0.60000000000,0.47058823529,0.80728683018,0.67138752394
100,0.66945887386,0.76000000000,0.85028449502,0.72000000000,0.77564102564,0.68965517241,0.63157894737,0.89421019263,0.81414986963
101,0.67643281673,0.70666666667,0.84068278805,0.64000000000,0.69871794872,0.62068965517,0.47058823529,0.86392106032,0.75849521553
102,0.66918548603,0.66666666667,0.79800853485,0.64000000000,0.72435897436,0.52830188679,0.47058823529,0.82976001524,0.74829955279
103,0.68042466023,0.65333333333,0.75533428165,0.60000000000,0.73397435897,0.50000000000,0.44444444444,0.79696134992,0.71254487075
104,0.67077188514,0.68000000000,0.82539118065,0.56000000000,0.50000000000,0.57142857143,0.15384615385,0.85129487618,0.50455875787
105,0.67045524775,0.70666666667,0.76742532006,0.68000000000,0.80128205128,0.64516129032,0.50000000000,0.81171648788,0.82987625156
106,0.67040018661,0.69333333333,0.80867709815,0.68000000000,0.73397435897,0.62295081967,0.55555555556,0.83678385077,0.78183655941
107,0.67188823548,0.68000000000,0.81258890469,0.68000000000,0.78846153846,0.55555555556,0.50000000000,0.86017547543,0.80442739146
108,0.66804091243,0.76000000000,0.74537695590,0.68000000000,0.83012820513,0.70000000000,0.55555555556,0.81452832047,0.86233327679
109,0.67137416977,0.70666666667,0.82325746799,0.68000000000,0.81410256410,0.62068965517,0.50000000000,0.84629674474,0.84582652971
110,0.66570468637,0.72000000000,0.85739687055,0.64000000000,0.66346153846,0.65573770492,0.40000000000,0.87867895932,0.72245318157
111,0.66751026829,0.72000000000,0.72581792319,0.76000000000,0.77564102564,0.63157894737,0.66666666667,0.79912364553,0.81826894171
112,0.66976913847,0.73333333333,0.87339971550,0.80000000000,0.79487179487,0.66666666667,0.73684210526,0.86286739686,0.83255875084
113,0.66278560512,0.66666666667,0.77275960171,0.72000000000,0.79807692308,0.56140350877,0.58823529412,0.80318771378,0.80576170508
114,0.67204743545,0.73333333333,0.79018492176,0.72000000000,0.81730769231,0.66666666667,0.63157894737,0.84000780349,0.82492440838
115,0.66963837012,0.72000000000,0.87233285917,0.68000000000,0.84935897436,0.64406779661,0.55555555556,0.88883745203,0.81437610592
116,0.67239995561,0.68000000000,0.71266002845,0.72000000000,0.74679487179,0.58620689655,0.66666666667,0.76194091895,0.74488878690
117,0.66430906559,0.74666666667,0.85881934566,0.68000000000,0.70833333333,0.68852459016,0.55555555556,0.88637020936,0.75901436712
118,0.66717249623,0.69333333333,0.78520625889,0.60000000000,0.76282051282,0.58181818182,0.50000000000,0.83008961525,0.66255917285
119,0.67068446907,0.70666666667,0.76529160740,0.64000000000,0.85256410256,0.63333333333,0.40000000000,0.82351033367,0.84118912850
120,0.66952358739,0.73333333333,0.89189189189,0.68000000000,0.82371794872,0.64285714286,0.55555555556,0.91167651830,0.82498611493
121,0.67053928089,0.76000000000,0.87375533428,0.80000000000,0.94871794872,0.68965517241,0.73684210526,0.90222237194,0.95827358862
122,0.66877219227,0.74666666667,0.78698435277,0.80000000000,0.77884615385,0.67796610169,0.73684210526,0.83561576427,0.83203802257
123,0.67865628913,0.70666666667,0.77809388336,0.68000000000,0.76923076923,0.64516129032,0.60000000000,0.81047869022,0.77211213637
124,0.67232233476,0.70666666667,0.83499288762,0.84000000000,0.81410256410,0.62068965517,0.80000000000,0.86186895044,0.86720502726
125,0.66439316428,0.74666666667,0.81223328592,0.68000000000,0.91666666667,0.67796610169,0.50000000000,0.86495467562,0.92466142532
126,0.66532810260,0.73333333333,0.82752489331,0.68000000000,0.71153846154,0.66666666667,0.50000000000,0.86545245229,0.74674505748
127,0.66789304169,0.70666666667,0.86735419630,0.80000000000,0.91025641026,0.62068965517,0.73684210526,0.89131699347,0.92229365420
128,0.66998524873,0.74666666667,0.84246088193,0.64000000000,0.73717948718,0.67796610169,0.47058823529,0.84832144277,0.74626664511
129,0.67366238934,0.77333333333,0.85917496444,0.68000000000,0.89102564103,0.72131147541,0.55555555556,0.88302250839,0.86377948032
130,0.67049750916,0.73333333333,0.87588904694,0.80000000000,0.85576923077,0.66666666667,0.73684210526,0.89089050191,0.88627289732
131,0.66293873192,0.80000000000,0.91038406828,0.64000000000,0.75641025641,0.75409836066,0.52631578947,0.93365828973,0.70112435223
132,0.66275137978,0.70666666667,0.83108108108,0.72000000000,0.81730769231,0.60714285714,0.58823529412,0.86200510465,0.86678841991
133,0.66822323070,0.72000000000,0.86450924609,0.72000000000,0.87500000000,0.61818181818,0.63157894737,0.89540103489,0.86457035898
134,0.66250602713,0.66666666667,0.83605974395,0.68000000000,0.84615384615,0.54545454545,0.55555555556,0.86020966852,0.84789245377
135,0.66725841984,0.76000000000,0.86201991465,0.76000000000,0.84935897436,0.68965517241,0.66666666667,0.89465805056,0.90564182195
136,0.65424113689,0.74666666667,0.83285917496,0.72000000000,0.83653846154,0.66666666667,0.63157894737,0.87865766993,0.80728429727
137,0.66552090276,0.73333333333,0.84815078236,0.80000000000,0.83333333333,0.64285714286,0.73684210526,0.87524810885,0.86856247432
138,0.66524309301,0.76000000000,0.87731152205,0.68000000000,0.73397435897,0.70000000000,0.50000000000,0.90471222065,0.79462616360
139,0.67072927564,0.82666666667,0.86415362731,0.72000000000,0.86538461538,0.80000000000,0.63157894737,0.89998675151,0.86270829865
140,0.66410701486,0.70666666667,0.82396870555,0.80000000000,0.80769230769,0.60714285714,0.73684210526,0.84581625006,0.84528158388
141,0.66559411086,0.78666666667,0.84850640114,0.60000000000,0.82051282051,0.74193548387,0.37500000000,0.87253051068,0.81795779112
142,0.65897550021,0.69333333333,0.80832147937,0.76000000000,0.85576923077,0.58181818182,0.66666666667,0.84635926289,0.90577453947
143,0.66155510405,0.77333333333,0.89082503556,0.80000000000,0.84935897436,0.71186440678,0.73684210526,0.91650969149,0.88336861260
144,0.66332920039,0.78666666667,0.86806543385,0.84000000000,0.91987179487,0.74193548387,0.80000000000,0.90361159246,0.92976661819
145,0.66079442799,0.78666666667,0.86522048364,0.88000000000,0.88461538462,0.73333333333,0.85714285714,0.89681969466,0.91953144894
146,0.66133015280,0.72000000000,0.88833570413,0.72000000000,0.81730769231,0.65573770492,0.63157894737,0.88345671480,0.82927131094
147,0.66463594531,0.68000000000,0.81721194879,0.80000000000,0.85576923077,0.60000000000,0.78260869565,0.83373548685,0.87520424837
148,0.66682529136,0.74666666667,0.85775248933,0.80000000000,0.92948717949,0.66666666667,0.73684210526,0.90284243769,0.94940684316
149,0.66444642311,0.74666666667,0.88229018492,0.68000000000,0.84294871795,0.66666666667,0.60000000000,0.91270545904,0.84553817588
150,0.66206887441,0.77333333333,0.85028449502,0.68000000000,0.83653846154,0.73015873016,0.55555555556,0.87363636509,0.83931719152
151,0.66219948090,0.77333333333,0.84317211949,0.72000000000,0.84294871795,0.72131147541,0.63157894737,0.88473701814,0.83481177387
152,0.66067903422,0.74666666667,0.88229018492,0.76000000000,0.88782051282,0.66666666667,0.66666666667,0.90955961459,0.88747891202
153,0.66575605890,0.69333333333,0.85988620199,0.72000000000,0.93589743590,0.59649122807,0.58823529412,0.87105508586,0.93196306009
154,0.66787124412,0.73333333333,0.86628733997,0.68000000000,0.82371794872,0.64285714286,0.55555555556,0.90317345232,0.79016006136
155,0.66383669421,0.74666666667,0.85135135135,0.76000000000,0.77243589744,0.66666666667,0.70000000000,0.88781600582,0.80446201757
156,0.66094449421,0.73333333333,0.90398293030,0.84000000000,0.82051282051,0.65517241379,0.80000000000,0.91618462265,0.88431548131
157,0.65719163960,0.82666666667,0.89900426743,0.76000000000,0.84615384615,0.79365079365,0.70000000000,0.92567138151,0.85978160932
158,0.65835328614,0.77333333333,0.85704125178,0.92000000000,0.92948717949,0.73015873016,0.90909090909,0.90059184805,0.95923913043
159,0.66555083354,0.80000000000,0.90611664296,0.76000000000,0.91346153846,0.76190476190,0.66666666667,0.92372769423,0.90409668627
160,0.66184635641,0.73333333333,0.87162162162,0.76000000000,0.89102564103,0.64285714286,0.66666666667,0.91660846191,0.90082596497
161,0.65835766123,0.77333333333,0.86273115220,0.84000000000,0.89102564103,0.71186440678,0.80000000000,0.91236834276,0.90692936897
162,0.65759211121,0.76000000000,0.90184921764,0.72000000000,0.91025641026,0.71875000000,0.63157894737,0.91356686793,0.90171484969
163,0.66299272499,0.81333333333,0.87197724040,0.76000000000,0.77243589744,0.78125000000,0.66666666667,0.90716200119,0.80810589193
164,0.66050410838,0.76000000000,0.89473684211,0.68000000000,0.85897435897,0.68965517241,0.55555555556,0.91511344577,0.86848754104
165,0.66509440730,0.80000000000,0.88015647226,0.76000000000,0.92307692308,0.76923076923,0.66666666667,0.90402299647,0.95197902942
166,0.65986163967,0.72000000000,0.86593172119,0.88000000000,0.95512820513,0.64406779661,0.85714285714,0.89156364997,0.95780122655
167,0.66412393185,0.81333333333,0.95519203414,0.80000000000,0.90384615385,0.77419354839,0.73684210526,0.95796837895,0.90434189653
168,0.66214209851,0.74666666667,0.86379800853,0.84000000000,0.92948717949,0.68852459016,0.80000000000,0.88251555154,0.94448022737
169,0.66283333443,0.78666666667,0.88975817923,0.80000000000,0.91987179487,0.73333333333,0.73684210526,0.91166346538,0.93195943150
170,0.66193709023,0.82666666667,0.91322901849,0.88000000000,0.94230769231,0.80000000000,0.85714285714,0.93916754130,0.95323077264
171,0.66258382976,0.74666666667,0.88335704125,0.72000000000,0.85576923077,0.67796610169,0.63157894737,0.89448870205,0.86091437838
172,0.66316243078,0.72000000000,0.83357041252,0.76000000000,0.91346153846,0.65573770492,0.66666666667,0.85751523582,0.93165781265
173,0.65979337800,0.78666666667,0.93598862020,0.88000000000,0.95192307692,0.73333333333,0.85714285714,0.94860081465,0.95774572650
174,0.65672712903,0.66666666667,0.81401137980,0.80000000000,0.93269230769,0.52830188679,0.73684210526,0.84538282018,0.93632195351
175,0.65843724313,0.82666666667,0.92852062589,0.80000000000,0.94871794872,0.80000000000,0.73684210526,0.93604694898,0.96578947368
176,0.66503731783,0.84000000000,0.94381223329,0.76000000000,0.94230769231,0.81250000000,0.66666666667,0.95600588936,0.94684936183
177,0.65661142871,0.78666666667,0.91891891892,0.72000000000,0.82692307692,0.73333333333,0.63157894737,0.94814702772,0.85580752634
178,0.65882358816,0.74666666667,0.89900426743,0.80000000000,0.94871794872,0.66666666667,0.73684210526,0.92852109536,0.95618030866
179,0.65977166966,0.76000000000,0.83072546230,0.68000000000,0.99358974359,0.70967741935,0.50000000000,0.85866186643,0.99404761905
180,0.65824939829,0.76000000000,0.89438122333,0.68000000000,0.87500000000,0.68965517241,0.50000000000,0.92451130919,0.87060841814
181,0.66225204110,0.77333333333,0.93349928876,0.72000000000,0.72115384615,0.72131147541,0.63157894737,0.92995882060,0.78436758994
182,0.65677221278,0.74666666667,0.91714082504,0.76000000000,0.94551282051,0.69841269841,0.66666666667,0.91272683373,0.94643065268
183,0.66155625127,0.80000000000,0.91358463727,0.76000000000,0.93589743590,0.76190476190,0.66666666667,0.92157151228,0.93184731935
184,0.65831790172,0.80000000000,0.91571834993,0.68000000000,0.85897435897,0.76190476190,0.55555555556,0.93171629517,0.80647654021
185,0.66292577332,0.74666666667,0.88584637269,0.92000000000,0.99358974359,0.66666666667,0.90909090909,0.91162717041,0.99332264957
186,0.65246499424,0.84000000000,0.94132290185,0.84000000000,0.89102564103,0.81250000000,0.80000000000,0.95261519384,0.91316663660
187,0.66321894919,0.78666666667,0.87517780939,0.68000000000,0.82692307692,0.73333333333,0.55555555556,0.90546527860,0.84318163469
188,0.65989194183,0.77333333333,0.90220483642,0.72000000000,0.88141025641,0.71186440678,0.63157894737,0.92580463710,0.88397064823
189,0.65441217383,0.77333333333,0.91465149360,0.76000000000,0.90064102564,0.72131147541,0.70000000000,0.93229102713,0.90182577839
190,0.66123344359,0.74666666667,0.81116642959,0.72000000000,0.89102564103,0.69841269841,0.58823529412,0.83965244964,0.88122317497
191,0.66088787615,0.77333333333,0.91927453770,0.72000000000,0.87179487179,0.71186440678,0.58823529412,0.93887097079,0.91256628788
192,0.66228297880,0.80000000000,0.91642958748,0.88000000000,0.89102564103,0.76923076923,0.85714285714,0.90385777455,0.91505280137
193,0.65939004530,0.73333333333,0.89687055477,0.76000000000,0.95512820513,0.66666666667,0.66666666667,0.91252147748,0.94769385707
194,0.65522296712,0.77333333333,0.91571834993,0.88000000000,0.88461538462,0.71186440678,0.85714285714,0.93359351780,0.92269973082
195,0.66097138927,0.80000000000,0.85846372688,0.84000000000,0.91025641026,0.76923076923,0.80000000000,0.90267576477,0.91364399489
196,0.66182697263,0.80000000000,0.91322901849,0.80000000000,0.90384615385,0.76923076923,0.76190476190,0.92259818319,0.76111827987
197,0.65594876463,0.78666666667,0.92567567568,0.84000000000,0.90384615385,0.74193548387,0.80000000000,0.93899404052,0.92634604978
198,0.65597899257,0.74666666667,0.91358463727,0.68000000000,0.89423076923,0.66666666667,0.50000000000,0.93324555307,0.89163585257
199,0.65985277928,0.77333333333,0.97261735420,0.80000000000,0.92307692308,0.71186440678,0.73684210526,0.97726897930,0.93796712547
200,0.65884760329,0.78666666667,0.87304409673,0.80000000000,0.81089743590,0.74193548387,0.73684210526,0.89185132683,0.85246133009
201,0.65726492626,0.74666666667,0.87908961593,0.88000000000,0.94551282051,0.66666666667,0.85714285714,0.90311203870,0.96231725146
202,0.65262784671,0.81333333333,0.95448079659,0.80000000000,0.93589743590,0.78125000000,0.73684210526,0.96140477092,0.92911613849
203,0.65776252954,0.80000000000,0.90647226174,0.76000000000,0.96153846154,0.75409836066,0.66666666667,0.92994866027,0.95976245976
204,0.65062071085,0.76000000000,0.87837837838,0.84000000000,0.95833333333,0.68965517241,0.81818181818,0.90827263844,0.95290219040
205,0.65568787779,0.78666666667,0.91927453770,0.84000000000,0.88782051282,0.73333333333,0.80000000000,0.93568821131,0.89922271356
206,0.65960369624,0.80000000000,0.93918918919,0.76000000000,0.98397435897,0.76190476190,0.66666666667,0.95064773360,0.98331529582
207,0.65455659239,0.78666666667,0.93385490754,0.84000000000,0.95833333333,0.73333333333,0.80000000000,0.94026155652,0.96627791069
208,0.65514035932,0.82666666667,0.93669985775,0.76000000000,0.88141025641,0.79365079365,0.66666666667,0.95084521350,0.90838697333
209,0.65336241773,0.80000000000,0.97617354196,0.80000000000,0.94230769231,0.75409836066,0.76190476190,0.97729781721,0.93895410145
210,0.64278349216,0.80000000000,0.92923186344,0.84000000000,0.86538461538,0.75409836066,0.80000000000,0.94106128670,0.90868216479
211,0.65646046478,0.78666666667,0.89864864865,0.80000000000,0.94551282051,0.74193548387,0.76190476190,0.91805585245,0.94608369232
212,0.65403984739,0.74666666667,0.91109530583,0.72000000000,0.90384615385,0.67796610169,0.63157894737,0.92109775373,0.90484813676
213,0.65798144801,0.82666666667,0.94950213371,0.80000000000,0.91666666667,0.80000000000,0.73684210526,0.95756389108,0.94267538018
214,0.65835249010,0.81333333333,0.98862019915,0.88000000000,0.95512820513,0.77419354839,0.85714285714,0.98963721461,0.96844541910
215,0.65926696559,0.80000000000,0.92283072546,0.80000000000,0.92307692308,0.75409836066,0.73684210526,0.94196531621,0.95742753623
216,0.64873510793,0.78666666667,0.95945945946,0.76000000000,0.88461538462,0.74193548387,0.66666666667,0.96259511264,0.91347818848
217,0.64978519103,0.85333333333,0.96763869132,0.80000000000,0.94230769231,0.83582089552,0.76190476190,0.97257770205,0.93506794132
218,0.64954062471,0.81333333333,0.87197724040,0.84000000000,0.94871794872,0.77419354839,0.80000000000,0.91740247347,0.95115807395
219,0.66044357691,0.73333333333,0.88869132290,0.68000000000,0.90705128205,0.65517241379,0.50000000000,0.90294352589,0.94471590909
220,0.64919090280,0.78666666667,0.93954480797,0.76000000000,0.95192307692,0.73333333333,0.66666666667,0.95101137697,0.94627039627
221,0.65603377769,0.78666666667,0.92247510669,0.84000000000,0.92307692308,0.73333333333,0.80000000000,0.94317117467,0.93319221628
222,0.65210026711,0.80000000000,0.95376955903,0.76000000000,0.87179487179,0.75409836066,0.66666666667,0.96661791416,0.88365688248
223,0.65149706015,0.81333333333,0.94274537696,0.76000000000,0.93910256410,0.78125000000,0.70000000000,0.94484139308,0.92655839531
224,0.65336114374,0.76000000000,0.92603129445,0.68000000000,0.95192307692,0.70000000000,0.50000000000,0.93105000357,0.94755707256
225,0.65561226123,0.80000000000,0.90860597440,0.76000000000,0.85897435897,0.75409836066,0.66666666667,0.93173556514,0.86914718588
226,0.65377335784,0.78666666667,0.92780938834,0.72000000000,0.85576923077,0.73333333333,0.63157894737,0.94274041781,0.87568474554
227,0.65263615788,0.77333333333,0.92247510669,0.80000000000,0.92307692308,0.71186440678,0.73684210526,0.94823094269,0.93167634041
228,0.65354789690,0.73333333333,0.93990042674,0.92000000000,0.98397435897,0.64285714286,0.90909090909,0.94935351564,0.98331529582
229,0.65889172301,0.76000000000,0.92994310100,0.72000000000,0.89423076923,0.70000000000,0.58823529412,0.93823603086,0.90436820124
230,0.65106798466,0.78666666667,0.86699857752,0.80000000000,0.96794871795,0.73333333333,0.73684210526,0.91441903338,0.97472426471
231,0.65450348947,0.77333333333,0.96692745377,0.80000000000,0.92948717949,0.71186440678,0.73684210526,0.97248159539,0.94724551764
232,0.64718706601,0.82666666667,0.92532005690,0.68000000000,0.88141025641,0.80000000000,0.55555555556,0.94352345083,0.86588085117
233,0.64757071765,0.84000000000,0.91927453770,0.68000000000,0.94551282051,0.81250000000,0.55555555556,0.94349959956,0.92245428183
234,0.65147049814,0.76000000000,0.90398293030,0.88000000000,0.95512820513,0.68965517241,0.85714285714,0.92792669436,0.96844541910
235,0.65712229577,0.80000000000,0.93741109531,0.76000000000,1.00000000000,0.76190476190,0.66666666667,0.94594711519,1.00000000000
236,0.65075758538,0.82666666667,0.94950213371,0.84000000000,0.98076923077,0.79365079365,0.80000000000,0.96475532212,0.98037726163
237,0.64563807344,0.77333333333,0.96977240398,0.84000000000,0.93589743590,0.71186440678,0.80000000000,0.97976068105,0.95613275613
238,0.65189876150,0.77333333333,0.92176386913,0.80000000000,0.83974358974,0.71186440678,0.73684210526,0.95086558005,0.89321341548
239,0.65254596214,0.77333333333,0.92745376956,0.84000000000,0.92948717949,0.71186440678,0.80000000000,0.93983871190,0.93614825738
240,0.64754663727,0.80000000000,0.92283072546,0.84000000000,0.93269230769,0.75409836066,0.80000000000,0.93960960565,0.94647963352
241,0.65305723102,0.81333333333,0.94061166430,0.84000000000,0.94551282051,0.77419354839,0.80000000000,0.95447450501,0.95575527360
242,0.64880162883,0.76000000000,0.95128022760,0.80000000000,0.96474358974,0.70000000000,0.76190476190,0.95928400049,0.96068838569
243,0.64795168403,0.80000000000,0.92852062589,0.88000000000,0.95512820513,0.75409836066,0.85714285714,0.94024219330,0.96844541910
244,0.65690634029,0.81333333333,0.94559032717,0.80000000000,0.98076923077,0.78125000000,0.73684210526,0.95119967519,0.97804487179
245,0.65252565919,0.81333333333,0.96372688478,0.88000000000,0.97756410256,0.78125000000,0.85714285714,0.95525118971,0.97799630925
246,0.64733183389,0.73333333333,0.91109530583,0.72000000000,0.95512820513,0.65517241379,0.58823529412,0.91902082883,0.95623959374
247,0.64658592518,0.80000000000,0.95199146515,0.80000000000,0.94871794872,0.76190476190,0.73684210526,0.95183024149,0.96578947368
248,0.65143782881,0.82666666667,0.96123755334,0.92000000000,0.95192307692,0.79365079365,0.90909090909,0.97006100126,0.96712962963
249,0.64578990287,0.80000000000,0.94061166430,0.80000000000,0.96474358974,0.76190476190,0.73684210526,0.94988684914,0.96124546750
250,0.65042931355,0.78666666667,0.93669985775,0.84000000000,0.92948717949,0.74193548387,0.80000000000,0.95057088679,0.94817821068
251,0.64689661691,0.84000000000,0.96692745377,0.80000000000,0.95833333333,0.81818181818,0.73684210526,0.97199545413,0.96793300654
252,0.65227591262,0.80000000000,0.93136557610,0.88000000000,0.92628205128,0.75409836066,0.85714285714,0.94796094830,0.94605504145
253,0.65344771915,0.77333333333,0.87944523471,0.80000000000,0.93269230769,0.72131147541,0.76190476190,0.90802783347,0.93980484671
254,0.64459799046,0.85333333333,0.96017069701,0.76000000000,0.74358974359,0.83582089552,0.70000000000,0.95894180242,0.78183959257
255,0.64669018671,0.80000000000,0.96728307255,0.72000000000,0.98076923077,0.75409836066,0.58823529412,0.97067628581,0.98037726163
256,0.65083354649,0.82666666667,0.95839260313,0.76000000000,1.00000000000,0.80000000000,0.66666666667,0.96369485474,1.00000000000
257,0.65254988077,0.80000000000,0.96443812233,0.84000000000,0.96153846154,0.75409836066,0.80000000000,0.97524301524,0.96511752137
258,0.64888886972,0.78666666667,0.95021337127,0.72000000000,0.99358974359,0.73333333333,0.58823529412,0.96520056469,0.99332264957
259,0.64956850017,0.82666666667,0.94381223329,0.80000000000,0.96153846154,0.79365079365,0.73684210526,0.96316129485,0.95830743331
260,0.65088920331,0.84000000000,0.93883357041,0.92000000000,1.00000000000,0.81250000000,0.90909090909,0.95627668071,1.00000000000
261,0.64843941903,0.76000000000,0.96977240398,0.84000000000,0.98717948718,0.68965517241,0.80000000000,0.97799728104,0.98763736264
262,0.65116961887,0.80000000000,0.95697012802,0.80000000000,0.94871794872,0.75409836066,0.76190476190,0.96462089760,0.93727719040
263,0.64459609762,0.86666666667,0.95483641536,0.80000000000,0.93910256410,0.85294117647,0.73684210526,0.96365483327,0.94566356846
264,0.65243082059,0.80000000000,0.92460881935,0.80000000000,0.98717948718,0.76190476190,0.73684210526,0.93410330348,0.98601398601
265,0.65243675772,0.81333333333,0.96621621622,0.84000000000,0.99358974359,0.77419354839,0.80000000000,0.97036498815,0.99332264957
266,0.64727274377,0.78666666667,0.94914651494,0.72000000000,0.97435897436,0.73333333333,0.58823529412,0.95602964588,0.97428266178
267,0.64840464587,0.76000000000,0.93100995733,0.68000000000,0.90384615385,0.70000000000,0.55555555556,0.94541689561,0.89372432049
268,0.65590962870,0.78666666667,0.90327169275,0.76000000000,0.94230769231,0.73333333333,0.66666666667,0.93625655233,0.94739428600
269,0.65502485901,0.81333333333,0.93349928876,0.80000000000,0.97435897436,0.78125000000,0.73684210526,0.94123056125,0.97420843046
270,0.65193861978,0.78666666667,0.95199146515,0.76000000000,0.96794871795,0.73333333333,0.66666666667,0.95877146549,0.95941061254
271,0.65130753513,0.78666666667,0.95661450925,0.76000000000,0.98076923077,0.73333333333,0.66666666667,0.96348359221,0.98037726163
272,0.64921034076,0.86666666667,0.94487908962,0.80000000000,0.99358974359,0.84848484848,0.73684210526,0.95836196111,0.99332264957
273,0.65230120675,0.81333333333,0.96692745377,0.76000000000,0.95192307692,0.77419354839,0.66666666667,0.97816102782,0.96497319688
274,0.64704126754,0.77333333333,0.93883357041,0.80000000000,0.98717948718,0.71186440678,0.73684210526,0.95950767761,0.98606254856
275,0.65011756904,0.82666666667,0.96123755334,0.80000000000,0.93910256410,0.79365079365,0.73684210526,0.96993467900,0.94979866947
276,0.64407630004,0.81333333333,0.96301564723,0.76000000000,0.97756410256,0.77419354839,0.66666666667,0.96749516509,0.97394133644
277,0.64420867496,0.82666666667,0.93812233286,0.76000000000,0.88782051282,0.79365079365,0.66666666667,0.95483577478,0.93083829365
278,0.64922848824,0.78666666667,0.96266002845,0.84000000000,0.96794871795,0.73333333333,0.80000000000,0.97074070839,0.96752344877
279,0.64961205551,0.77333333333,0.96443812233,0.84000000000,0.99679487179,0.71186440678,0.80000000000,0.97352115182,0.99679487179
280,0.65233111530,0.85333333333,0.95341394026,0.80000000000,0.94230769231,0.83076923077,0.73684210526,0.96179239163,0.95323077264
281,0.64342744654,0.78666666667,0.97332859175,0.84000000000,0.93589743590,0.73333333333,0.80000000000,0.97473628060,0.95057482722
282,0.64528447388,0.80000000000,0.93918918919,0.88000000000,0.95833333333,0.76190476190,0.85714285714,0.94503684585,0.96994324045
283,0.64414416130,0.78666666667,0.96657183499,0.80000000000,0.91346153846,0.73333333333,0.73684210526,0.97317100553,0.92214311030
284,0.65162538145,0.82666666667,0.96514935989,0.88000000000,0.97435897436,0.79365079365,0.85714285714,0.97736467175,0.97428266178
285,0.64521419580,0.80000000000,0.96586059744,0.84000000000,0.99358974359,0.75409836066,0.80000000000,0.97280762847,0.99332264957
286,0.64284322219,0.80000000000,0.99359886202,0.72000000000,0.83653846154,0.75409836066,0.58823529412,0.99369604358,0.85486625303
287,0.64265679468,0.84000000000,0.95945945946,0.80000000000,0.96153846154,0.81250000000,0.73684210526,0.96797587743,0.96142884893
288,0.65076542338,0.80000000000,0.95981507824,0.80000000000,0.98397435897,0.75409836066,0.73684210526,0.97010248731,0.98416514042
289,0.64049326971,0.84000000000,0.94843527738,0.80000000000,0.94871794872,0.81250000000,0.73684210526,0.95665492397,0.95619058229
290,0.64270317119,0.78666666667,0.95554765292,0.84000000000,0.98717948718,0.73333333333,0.80000000000,0.96635196195,0.98606254856
291,0.64514570556,0.80000000000,0.97048364154,0.88000000000,1.00000000000,0.75409836066,0.85714285714,0.97576081059,1.00000000000
292,0.64540702098,0.82666666667,0.98257467994,0.72000000000,0.98076923077,0.79365079365,0.58823529412,0.98504606349,0.97810800311
293,0.64173176308,0.86666666667,0.96550497866,0.84000000000,0.97756410256,0.84848484848,0.81818181818,0.96980827268,0.97394133644
294,0.64247985462,0.74666666667,0.93847795164,0.88000000000,1.00000000000,0.67796610169,0.85714285714,0.95043808538,1.00000000000
295,0.64878580119,0.74666666667,0.94879089616,0.88000000000,0.95192307692,0.66666666667,0.85714285714,0.96250591496,0.95774572650
296,0.65181044620,0.81333333333,0.96479374111,0.88000000000,0.91987179487,0.77419354839,0.85714285714,0.97328246204,0.94158312448
297,0.64929468582,0.86666666667,0.95768136558,0.84000000000,1.00000000000,0.84848484848,0.80000000000,0.96889858879,1.00000000000
298,0.64935806117,0.81333333333,0.93812233286,0.84000000000,0.94551282051,0.78125000000,0.80000000000,0.93968080893,0.94271885522
299,0.64172061510,0.84000000000,0.93314366999,0.84000000000,0.92948717949,0.81250000000,0.80000000000,0.95562896672,0.93927807229
300,0.64740397445,0.85333333333,0.99395448080,0.68000000000,0.90384615385,0.83076923077,0.50000000000,0.99447437373,0.91681622471
